timestamp,datetime,market,side,entry_price,prob,remaining_s,score,confidence,result,won,pnl
00:12:48,Feb 08 00:12:48,XRP15m,DOWN,0.0400,96.0%,133,0.44,unknown,UNKNOWN,UNKNOWN,UNKNOWN
00:12:49,Feb 08 00:12:49,XRP15m,DOWN,0.0300,97.0%,132,0.44,unknown,UNKNOWN,UNKNOWN,UNKNOWN
00:12:50,Feb 08 00:12:50,XRP15m,DOWN,0.0300,97.0%,131,0.43,unknown,UNKNOWN,UNKNOWN,UNKNOWN
00:12:51,Feb 08 00:12:51,XRP15m,DOWN,0.0300,97.0%,130,0.44,unknown,UNKNOWN,UNKNOWN,UNKNOWN
00:12:52,Feb 08 00:12:52,XRP15m,DOWN,0.0300,97.0%,129,0.46,unknown,UNKNOWN,UNKNOWN,UNKNOWN
00:12:53,Feb 08 00:12:53,XRP15m,DOWN,0.0300,97.0%,128,0.45,unknown,UNKNOWN,UNKNOWN,UNKNOWN
00:12:54,Feb 08 00:12:54,XRP15m,DOWN,0.0300,97.0%,127,0.45,unknown,UNKNOWN,UNKNOWN,UNKNOWN
00:12:55,Feb 08 00:12:55,XRP15m,DOWN,0.0300,97.0%,126,0.45,unknown,UNKNOWN,UNKNOWN,UNKNOWN
00:12:56,Feb 08 00:12:56,XRP15m,DOWN,0.0300,97.0%,125,0.45,unknown,UNKNOWN,UNKNOWN,UNKNOWN
00:12:59,Feb 08 00:12:59,XRP15m,DOWN,0.0250,97.5%,122,0.46,unknown,UNKNOWN,UNKNOWN,UNKNOWN
00:13:00,Feb 08 00:13:00,XRP15m,DOWN,0.0250,97.5%,121,0.48,unknown,UNKNOWN,UNKNOWN,UNKNOWN
00:13:01,Feb 08 00:13:01,XRP15m,DOWN,0.0250,97.5%,120,0.48,unknown,UNKNOWN,UNKNOWN,UNKNOWN
00:13:02,Feb 08 00:13:02,XRP15m,DOWN,0.0250,97.5%,119,0.48,unknown,UNKNOWN,UNKNOWN,UNKNOWN
00:13:03,Feb 08 00:13:03,XRP15m,DOWN,0.0350,96.5%,118,0.51,unknown,UNKNOWN,UNKNOWN,UNKNOWN
00:13:04,Feb 08 00:13:04,XRP15m,DOWN,0.0350,96.5%,117,0.51,unknown,UNKNOWN,UNKNOWN,UNKNOWN
00:13:05,Feb 08 00:13:05,XRP15m,DOWN,0.0350,96.5%,116,0.49,unknown,UNKNOWN,UNKNOWN,UNKNOWN
00:13:06,Feb 08 00:13:06,XRP15m,DOWN,0.0400,96.0%,115,0.45,unknown,UNKNOWN,UNKNOWN,UNKNOWN
00:13:07,Feb 08 00:13:07,XRP15m,DOWN,0.0350,96.5%,114,0.49,unknown,UNKNOWN,UNKNOWN,UNKNOWN
00:13:08,Feb 08 00:13:08,XRP15m,DOWN,0.0350,96.5%,113,0.49,unknown,UNKNOWN,UNKNOWN,UNKNOWN
00:13:09,Feb 08 00:13:09,XRP15m,DOWN,0.0350,96.5%,112,0.49,unknown,UNKNOWN,UNKNOWN,UNKNOWN
00:13:10,Feb 08 00:13:10,XRP15m,DOWN,0.0500,95.0%,111,0.41,unknown,UNKNOWN,UNKNOWN,UNKNOWN
00:13:11,Feb 08 00:13:11,XRP15m,DOWN,0.0350,96.5%,110,0.49,unknown,UNKNOWN,UNKNOWN,UNKNOWN
00:13:12,Feb 08 00:13:12,XRP15m,DOWN,0.0350,96.5%,109,0.49,unknown,UNKNOWN,UNKNOWN,UNKNOWN
00:13:13,Feb 08 00:13:13,XRP15m,DOWN,0.0250,97.5%,108,0.49,unknown,UNKNOWN,UNKNOWN,UNKNOWN
00:13:14,Feb 08 00:13:14,XRP15m,DOWN,0.0250,97.5%,107,0.49,unknown,UNKNOWN,UNKNOWN,UNKNOWN
00:13:15,Feb 08 00:13:15,XRP15m,DOWN,0.0250,97.5%,106,0.49,unknown,UNKNOWN,UNKNOWN,UNKNOWN
00:13:16,Feb 08 00:13:16,XRP15m,DOWN,0.0250,97.5%,105,0.51,unknown,UNKNOWN,UNKNOWN,UNKNOWN
00:13:17,Feb 08 00:13:17,XRP15m,DOWN,0.0250,97.5%,104,0.51,unknown,UNKNOWN,UNKNOWN,UNKNOWN
00:13:21,Feb 08 00:13:21,BTC15m,DOWN,0.0250,97.5%,100,0.67,unknown,UP,NO,-5.00
00:13:22,Feb 08 00:13:22,BTC15m,DOWN,0.0250,97.5%,99,0.72,unknown,UP,NO,-5.00
00:13:22,Feb 08 00:13:22,ETH15m,DOWN,0.0450,95.5%,99,0.61,unknown,UP,NO,-5.00
00:13:23,Feb 08 00:13:23,BTC15m,DOWN,0.0250,97.5%,98,0.70,unknown,UP,NO,-5.00
00:13:23,Feb 08 00:13:23,ETH15m,DOWN,0.0350,96.5%,98,0.64,unknown,UP,NO,-5.00
00:13:24,Feb 08 00:13:24,BTC15m,DOWN,0.0250,97.5%,97,0.62,unknown,UP,NO,-5.00
00:13:24,Feb 08 00:13:24,ETH15m,DOWN,0.0450,95.5%,97,0.61,unknown,UP,NO,-5.00
00:13:25,Feb 08 00:13:25,BTC15m,DOWN,0.0250,97.5%,96,0.64,unknown,UP,NO,-5.00
00:13:25,Feb 08 00:13:25,ETH15m,DOWN,0.0350,96.5%,96,0.61,unknown,UP,NO,-5.00
00:13:26,Feb 08 00:13:26,BTC15m,DOWN,0.0250,97.5%,95,0.66,unknown,UP,NO,-5.00
00:13:26,Feb 08 00:13:26,ETH15m,DOWN,0.0450,95.5%,95,0.65,unknown,UP,NO,-5.00
00:13:27,Feb 08 00:13:27,BTC15m,DOWN,0.0250,97.5%,94,0.65,unknown,UP,NO,-5.00
00:13:27,Feb 08 00:13:27,ETH15m,DOWN,0.0450,95.5%,94,0.64,unknown,UP,NO,-5.00
00:13:29,Feb 08 00:13:29,BTC15m,DOWN,0.0350,96.5%,92,0.67,unknown,UP,NO,-5.00
00:13:29,Feb 08 00:13:29,ETH15m,DOWN,0.0450,95.5%,92,0.62,unknown,UP,NO,-5.00
00:13:30,Feb 08 00:13:30,BTC15m,DOWN,0.0350,96.5%,91,0.62,unknown,UP,NO,-5.00
00:13:30,Feb 08 00:13:30,ETH15m,DOWN,0.0450,95.5%,91,0.58,unknown,UP,NO,-5.00
00:13:49,Feb 08 00:13:49,BTC15m,DOWN,0.0450,95.5%,72,0.58,unknown,UP,NO,-5.00
00:13:49,Feb 08 00:13:49,ETH15m,DOWN,0.0450,95.5%,72,0.61,unknown,UP,NO,-5.00
00:13:50,Feb 08 00:13:50,BTC15m,DOWN,0.0450,95.5%,71,0.54,unknown,UP,NO,-5.00
00:13:50,Feb 08 00:13:50,ETH15m,DOWN,0.0450,95.5%,71,0.60,unknown,UP,NO,-5.00
00:13:51,Feb 08 00:13:51,ETH15m,DOWN,0.0450,95.5%,70,0.61,unknown,UP,NO,-5.00
00:13:52,Feb 08 00:13:52,ETH15m,DOWN,0.0450,95.5%,69,0.62,unknown,UP,NO,-5.00
00:13:53,Feb 08 00:13:53,ETH15m,DOWN,0.0500,95.0%,68,0.57,unknown,UP,NO,-5.00
00:13:54,Feb 08 00:13:54,ETH15m,DOWN,0.0450,95.5%,67,0.61,unknown,UP,NO,-5.00
00:13:55,Feb 08 00:13:55,BTC15m,DOWN,0.0450,95.5%,66,0.59,unknown,UP,NO,-5.00
00:13:55,Feb 08 00:13:55,ETH15m,DOWN,0.0350,96.5%,66,0.63,unknown,UP,NO,-5.00
00:13:56,Feb 08 00:13:56,BTC15m,DOWN,0.0450,95.5%,65,0.52,unknown,UP,NO,-5.00
00:13:56,Feb 08 00:13:56,ETH15m,DOWN,0.0350,96.5%,65,0.53,unknown,UP,NO,-5.00
00:13:57,Feb 08 00:13:57,BTC15m,DOWN,0.0450,95.5%,64,0.54,unknown,UP,NO,-5.00
00:13:57,Feb 08 00:13:57,ETH15m,DOWN,0.0350,96.5%,64,0.56,unknown,UP,NO,-5.00
00:13:58,Feb 08 00:13:58,BTC15m,DOWN,0.0450,95.5%,63,0.55,unknown,UP,NO,-5.00
00:13:58,Feb 08 00:13:58,ETH15m,DOWN,0.0350,96.5%,63,0.57,unknown,UP,NO,-5.00
00:13:59,Feb 08 00:13:59,BTC15m,DOWN,0.0450,95.5%,62,0.54,unknown,UP,NO,-5.00
00:13:59,Feb 08 00:13:59,ETH15m,DOWN,0.0350,96.5%,62,0.57,unknown,UP,NO,-5.00
00:14:00,Feb 08 00:14:00,BTC15m,DOWN,0.0350,96.5%,61,0.57,unknown,UP,NO,-5.00
00:14:00,Feb 08 00:14:00,ETH15m,DOWN,0.0350,96.5%,61,0.57,unknown,UP,NO,-5.00
00:14:01,Feb 08 00:14:01,BTC15m,DOWN,0.0350,96.5%,60,0.55,unknown,UP,NO,-5.00
00:14:01,Feb 08 00:14:01,ETH15m,DOWN,0.0350,96.5%,60,0.57,unknown,UP,NO,-5.00
00:14:02,Feb 08 00:14:02,BTC15m,DOWN,0.0350,96.5%,59,0.55,unknown,UP,NO,-5.00
00:14:02,Feb 08 00:14:02,ETH15m,DOWN,0.0350,96.5%,59,0.58,unknown,UP,NO,-5.00
00:14:03,Feb 08 00:14:03,BTC15m,DOWN,0.0350,96.5%,58,0.52,unknown,UP,NO,-5.00
00:14:03,Feb 08 00:14:03,ETH15m,DOWN,0.0350,96.5%,58,0.56,unknown,UP,NO,-5.00
00:14:04,Feb 08 00:14:04,BTC15m,DOWN,0.0350,96.5%,57,0.54,unknown,UP,NO,-5.00
00:14:04,Feb 08 00:14:04,ETH15m,DOWN,0.0250,97.5%,57,0.56,unknown,UP,NO,-5.00
00:14:05,Feb 08 00:14:05,BTC15m,DOWN,0.0450,95.5%,56,0.54,unknown,UP,NO,-5.00
00:14:05,Feb 08 00:14:05,ETH15m,DOWN,0.0250,97.5%,56,0.56,unknown,UP,NO,-5.00
00:14:06,Feb 08 00:14:06,BTC15m,DOWN,0.0450,95.5%,55,0.54,unknown,UP,NO,-5.00
00:14:06,Feb 08 00:14:06,ETH15m,DOWN,0.0250,97.5%,55,0.56,unknown,UP,NO,-5.00
00:14:07,Feb 08 00:14:07,BTC15m,DOWN,0.0350,96.5%,54,0.55,unknown,UP,NO,-5.00
00:14:07,Feb 08 00:14:07,ETH15m,DOWN,0.0250,97.5%,54,0.56,unknown,UP,NO,-5.00
00:14:08,Feb 08 00:14:08,BTC15m,DOWN,0.0400,96.0%,53,0.52,unknown,UP,NO,-5.00
00:14:08,Feb 08 00:14:08,ETH15m,DOWN,0.0250,97.5%,53,0.61,unknown,UP,NO,-5.00
00:14:10,Feb 08 00:14:10,BTC15m,DOWN,0.0350,96.5%,51,0.54,unknown,UP,NO,-5.00
00:14:11,Feb 08 00:14:11,BTC15m,DOWN,0.0450,95.5%,50,0.49,unknown,UP,NO,-5.00
00:14:12,Feb 08 00:14:12,BTC15m,DOWN,0.0400,96.0%,49,0.51,unknown,UP,NO,-5.00
00:14:12,Feb 08 00:14:12,ETH15m,DOWN,0.0250,97.5%,49,0.48,unknown,UP,NO,-5.00
00:14:13,Feb 08 00:14:13,BTC15m,DOWN,0.0450,95.5%,48,0.54,unknown,UP,NO,-5.00
00:14:14,Feb 08 00:14:14,BTC15m,DOWN,0.0350,96.5%,47,0.54,unknown,UP,NO,-5.00
00:14:15,Feb 08 00:14:15,BTC15m,DOWN,0.0350,96.5%,46,0.53,unknown,UP,NO,-5.00
00:14:18,Feb 08 00:14:18,BTC15m,DOWN,0.0350,96.5%,43,0.54,unknown,UP,NO,-5.00
00:14:19,Feb 08 00:14:19,BTC15m,DOWN,0.0350,96.5%,42,0.54,unknown,UP,NO,-5.00
00:14:20,Feb 08 00:14:20,BTC15m,DOWN,0.0350,96.5%,41,0.53,unknown,UP,NO,-5.00
00:14:21,Feb 08 00:14:21,BTC15m,DOWN,0.0350,96.5%,40,0.53,unknown,UP,NO,-5.00
00:14:23,Feb 08 00:14:23,BTC15m,DOWN,0.0350,96.5%,38,0.53,unknown,UP,NO,-5.00
00:14:24,Feb 08 00:14:24,BTC15m,DOWN,0.0350,96.5%,37,0.54,unknown,UP,NO,-5.00
00:14:26,Feb 08 00:14:26,BTC15m,DOWN,0.0350,96.5%,35,0.53,unknown,UP,NO,-5.00
00:14:27,Feb 08 00:14:27,BTC15m,DOWN,0.0350,96.5%,34,0.54,unknown,UP,NO,-5.00
00:14:29,Feb 08 00:14:29,BTC15m,DOWN,0.0350,96.5%,32,0.54,unknown,UP,NO,-5.00
00:14:30,Feb 08 00:14:30,BTC15m,DOWN,0.0350,96.5%,31,0.55,unknown,UP,NO,-5.00
00:57:24,Feb 08 00:57:24,BTC15m,DOWN,0.0450,95.5%,156,0.56,unknown,UP,NO,-5.00
00:59:06,Feb 08 00:59:06,ETH15m,DOWN,0.0450,95.5%,55,0.57,unknown,UP,NO,-5.00
00:59:07,Feb 08 00:59:07,ETH15m,DOWN,0.0450,95.5%,54,0.57,unknown,UP,NO,-5.00
00:59:08,Feb 08 00:59:08,ETH15m,DOWN,0.0450,95.5%,53,0.58,unknown,UP,NO,-5.00
00:59:09,Feb 08 00:59:09,ETH15m,DOWN,0.0450,95.5%,52,0.58,unknown,UP,NO,-5.00
00:59:10,Feb 08 00:59:10,ETH15m,DOWN,0.0450,95.5%,51,0.58,unknown,UP,NO,-5.00
00:59:11,Feb 08 00:59:11,ETH15m,DOWN,0.0450,95.5%,50,0.51,unknown,UP,NO,-5.00
00:59:12,Feb 08 00:59:12,ETH15m,DOWN,0.0450,95.5%,49,0.55,unknown,UP,NO,-5.00
00:59:13,Feb 08 00:59:13,ETH15m,DOWN,0.0350,96.5%,48,0.59,unknown,UP,NO,-5.00
00:59:14,Feb 08 00:59:14,ETH15m,DOWN,0.0350,96.5%,47,0.58,unknown,UP,NO,-5.00
00:59:15,Feb 08 00:59:15,BTC15m,DOWN,0.0250,97.5%,46,0.56,unknown,UP,NO,-5.00
00:59:15,Feb 08 00:59:15,ETH15m,DOWN,0.0350,96.5%,46,0.57,unknown,UP,NO,-5.00
00:59:16,Feb 08 00:59:16,BTC15m,DOWN,0.0250,97.5%,45,0.55,unknown,UP,NO,-5.00
00:59:16,Feb 08 00:59:16,ETH15m,DOWN,0.0350,96.5%,45,0.57,unknown,UP,NO,-5.00
00:59:17,Feb 08 00:59:17,BTC15m,DOWN,0.0250,97.5%,44,0.54,unknown,UP,NO,-5.00
00:59:17,Feb 08 00:59:17,ETH15m,DOWN,0.0250,97.5%,44,0.55,unknown,UP,NO,-5.00
00:59:17,Feb 08 00:59:17,SOL15m,DOWN,0.0450,95.5%,44,0.63,unknown,UNKNOWN,UNKNOWN,UNKNOWN
00:59:18,Feb 08 00:59:18,BTC15m,DOWN,0.0250,97.5%,43,0.54,unknown,UP,NO,-5.00
00:59:18,Feb 08 00:59:18,ETH15m,DOWN,0.0250,97.5%,43,0.55,unknown,UP,NO,-5.00
00:59:18,Feb 08 00:59:18,SOL15m,DOWN,0.0450,95.5%,43,0.63,unknown,UNKNOWN,UNKNOWN,UNKNOWN
00:59:19,Feb 08 00:59:19,SOL15m,DOWN,0.0350,96.5%,42,0.67,unknown,UNKNOWN,UNKNOWN,UNKNOWN
00:59:20,Feb 08 00:59:20,SOL15m,DOWN,0.0350,96.5%,41,0.66,unknown,UNKNOWN,UNKNOWN,UNKNOWN
00:59:20,Feb 08 00:59:20,XRP15m,DOWN,0.0350,96.5%,41,0.54,unknown,UNKNOWN,UNKNOWN,UNKNOWN
00:59:21,Feb 08 00:59:21,SOL15m,DOWN,0.0350,96.5%,40,0.67,unknown,UNKNOWN,UNKNOWN,UNKNOWN
00:59:21,Feb 08 00:59:21,XRP15m,DOWN,0.0350,96.5%,40,0.54,unknown,UNKNOWN,UNKNOWN,UNKNOWN
00:59:22,Feb 08 00:59:22,SOL15m,DOWN,0.0300,97.0%,39,0.61,unknown,UNKNOWN,UNKNOWN,UNKNOWN
00:59:22,Feb 08 00:59:22,XRP15m,DOWN,0.0350,96.5%,39,0.54,unknown,UNKNOWN,UNKNOWN,UNKNOWN
00:59:23,Feb 08 00:59:23,SOL15m,DOWN,0.0250,97.5%,38,0.65,unknown,UNKNOWN,UNKNOWN,UNKNOWN
00:59:23,Feb 08 00:59:23,XRP15m,DOWN,0.0350,96.5%,38,0.54,unknown,UNKNOWN,UNKNOWN,UNKNOWN
00:59:24,Feb 08 00:59:24,SOL15m,DOWN,0.0250,97.5%,37,0.65,unknown,UNKNOWN,UNKNOWN,UNKNOWN
00:59:24,Feb 08 00:59:24,XRP15m,DOWN,0.0350,96.5%,37,0.53,unknown,UNKNOWN,UNKNOWN,UNKNOWN
00:59:25,Feb 08 00:59:25,XRP15m,DOWN,0.0300,97.0%,36,0.51,unknown,UNKNOWN,UNKNOWN,UNKNOWN
00:59:26,Feb 08 00:59:26,XRP15m,DOWN,0.0250,97.5%,35,0.50,unknown,UNKNOWN,UNKNOWN,UNKNOWN
00:59:27,Feb 08 00:59:27,XRP15m,DOWN,0.0250,97.5%,34,0.52,unknown,UNKNOWN,UNKNOWN,UNKNOWN
00:59:28,Feb 08 00:59:28,XRP15m,DOWN,0.0250,97.5%,33,0.53,unknown,UNKNOWN,UNKNOWN,UNKNOWN
00:59:29,Feb 08 00:59:29,XRP15m,DOWN,0.0250,97.5%,32,0.52,unknown,UNKNOWN,UNKNOWN,UNKNOWN
00:59:30,Feb 08 00:59:30,XRP15m,DOWN,0.0250,97.5%,31,0.53,unknown,UNKNOWN,UNKNOWN,UNKNOWN
01:11:01,Feb 08 01:11:01,BTC15m,DOWN,0.0350,96.5%,239,0.63,unknown,UP,NO,-5.00
01:11:01,Feb 08 01:11:01,ETH15m,DOWN,0.0250,97.5%,239,0.64,unknown,UP,NO,-5.00
01:11:01,Feb 08 01:11:01,SOL15m,DOWN,0.0350,96.5%,239,0.64,unknown,UNKNOWN,UNKNOWN,UNKNOWN
01:11:02,Feb 08 01:11:02,BTC15m,DOWN,0.0350,96.5%,238,0.64,unknown,UP,NO,-5.00
01:11:02,Feb 08 01:11:02,ETH15m,DOWN,0.0250,97.5%,238,0.65,unknown,UP,NO,-5.00
01:11:02,Feb 08 01:11:02,SOL15m,DOWN,0.0350,96.5%,238,0.62,unknown,UNKNOWN,UNKNOWN,UNKNOWN
01:11:03,Feb 08 01:11:03,BTC15m,DOWN,0.0450,95.5%,237,0.64,unknown,UP,NO,-5.00
01:11:03,Feb 08 01:11:03,ETH15m,DOWN,0.0350,96.5%,237,0.66,unknown,UP,NO,-5.00
01:11:03,Feb 08 01:11:03,SOL15m,DOWN,0.0350,96.5%,237,0.63,unknown,UNKNOWN,UNKNOWN,UNKNOWN
01:11:04,Feb 08 01:11:04,BTC15m,DOWN,0.0350,96.5%,236,0.65,unknown,UP,NO,-5.00
01:11:04,Feb 08 01:11:04,ETH15m,DOWN,0.0350,96.5%,236,0.66,unknown,UP,NO,-5.00
01:11:04,Feb 08 01:11:04,SOL15m,DOWN,0.0350,96.5%,236,0.64,unknown,UNKNOWN,UNKNOWN,UNKNOWN
01:11:05,Feb 08 01:11:05,BTC15m,DOWN,0.0350,96.5%,235,0.64,unknown,UP,NO,-5.00
01:11:05,Feb 08 01:11:05,ETH15m,DOWN,0.0350,96.5%,235,0.66,unknown,UP,NO,-5.00
01:11:05,Feb 08 01:11:05,SOL15m,DOWN,0.0350,96.5%,235,0.65,unknown,UNKNOWN,UNKNOWN,UNKNOWN
01:11:06,Feb 08 01:11:06,BTC15m,DOWN,0.0350,96.5%,234,0.64,unknown,UP,NO,-5.00
01:11:06,Feb 08 01:11:06,ETH15m,DOWN,0.0250,97.5%,234,0.62,unknown,UP,NO,-5.00
01:11:06,Feb 08 01:11:06,SOL15m,DOWN,0.0350,96.5%,234,0.65,unknown,UNKNOWN,UNKNOWN,UNKNOWN
01:11:07,Feb 08 01:11:07,BTC15m,DOWN,0.0350,96.5%,233,0.64,unknown,UP,NO,-5.00
01:11:07,Feb 08 01:11:07,ETH15m,DOWN,0.0250,97.5%,233,0.63,unknown,UP,NO,-5.00
01:11:07,Feb 08 01:11:07,SOL15m,DOWN,0.0350,96.5%,233,0.64,unknown,UNKNOWN,UNKNOWN,UNKNOWN
01:11:08,Feb 08 01:11:08,BTC15m,DOWN,0.0350,96.5%,232,0.64,unknown,UP,NO,-5.00
01:11:08,Feb 08 01:11:08,ETH15m,DOWN,0.0250,97.5%,232,0.63,unknown,UP,NO,-5.00
01:11:08,Feb 08 01:11:08,SOL15m,DOWN,0.0350,96.5%,232,0.64,unknown,UNKNOWN,UNKNOWN,UNKNOWN
01:11:09,Feb 08 01:11:09,BTC15m,DOWN,0.0350,96.5%,231,0.65,unknown,UP,NO,-5.00
01:11:09,Feb 08 01:11:09,ETH15m,DOWN,0.0300,97.0%,231,0.60,unknown,UP,NO,-5.00
01:11:09,Feb 08 01:11:09,SOL15m,DOWN,0.0350,96.5%,231,0.64,unknown,UNKNOWN,UNKNOWN,UNKNOWN
01:11:10,Feb 08 01:11:10,BTC15m,DOWN,0.0350,96.5%,230,0.64,unknown,UP,NO,-5.00
01:11:10,Feb 08 01:11:10,ETH15m,DOWN,0.0250,97.5%,230,0.63,unknown,UP,NO,-5.00
01:11:10,Feb 08 01:11:10,SOL15m,DOWN,0.0350,96.5%,230,0.64,unknown,UNKNOWN,UNKNOWN,UNKNOWN
01:11:11,Feb 08 01:11:11,BTC15m,DOWN,0.0350,96.5%,229,0.64,unknown,UP,NO,-5.00
01:11:11,Feb 08 01:11:11,ETH15m,DOWN,0.0250,97.5%,229,0.63,unknown,UP,NO,-5.00
01:11:11,Feb 08 01:11:11,SOL15m,DOWN,0.0350,96.5%,229,0.64,unknown,UNKNOWN,UNKNOWN,UNKNOWN
01:11:12,Feb 08 01:11:12,BTC15m,DOWN,0.0350,96.5%,228,0.65,unknown,UP,NO,-5.00
01:11:12,Feb 08 01:11:12,ETH15m,DOWN,0.0250,97.5%,228,0.63,unknown,UP,NO,-5.00
01:11:12,Feb 08 01:11:12,SOL15m,DOWN,0.0350,96.5%,228,0.64,unknown,UNKNOWN,UNKNOWN,UNKNOWN
01:11:13,Feb 08 01:11:13,BTC15m,DOWN,0.0350,96.5%,227,0.65,unknown,UP,NO,-5.00
01:11:13,Feb 08 01:11:13,ETH15m,DOWN,0.0350,96.5%,227,0.66,unknown,UP,NO,-5.00
01:11:13,Feb 08 01:11:13,SOL15m,DOWN,0.0350,96.5%,227,0.64,unknown,UNKNOWN,UNKNOWN,UNKNOWN
01:11:14,Feb 08 01:11:14,BTC15m,DOWN,0.0350,96.5%,226,0.66,unknown,UP,NO,-5.00
01:11:14,Feb 08 01:11:14,ETH15m,DOWN,0.0350,96.5%,226,0.66,unknown,UP,NO,-5.00
01:11:14,Feb 08 01:11:14,SOL15m,DOWN,0.0350,96.5%,226,0.64,unknown,UNKNOWN,UNKNOWN,UNKNOWN
01:11:15,Feb 08 01:11:15,BTC15m,DOWN,0.0350,96.5%,225,0.65,unknown,UP,NO,-5.00
01:11:15,Feb 08 01:11:15,ETH15m,DOWN,0.0350,96.5%,225,0.66,unknown,UP,NO,-5.00
01:11:15,Feb 08 01:11:15,SOL15m,DOWN,0.0350,96.5%,225,0.65,unknown,UNKNOWN,UNKNOWN,UNKNOWN
01:11:16,Feb 08 01:11:16,BTC15m,DOWN,0.0350,96.5%,224,0.66,unknown,UP,NO,-5.00
01:11:16,Feb 08 01:11:16,ETH15m,DOWN,0.0250,97.5%,224,0.64,unknown,UP,NO,-5.00
01:11:16,Feb 08 01:11:16,SOL15m,DOWN,0.0250,97.5%,224,0.62,unknown,UNKNOWN,UNKNOWN,UNKNOWN
01:11:17,Feb 08 01:11:17,BTC15m,DOWN,0.0350,96.5%,223,0.65,unknown,UP,NO,-5.00
01:11:17,Feb 08 01:11:17,ETH15m,DOWN,0.0250,97.5%,223,0.64,unknown,UP,NO,-5.00
01:11:17,Feb 08 01:11:17,SOL15m,DOWN,0.0250,97.5%,223,0.61,unknown,UNKNOWN,UNKNOWN,UNKNOWN
01:11:18,Feb 08 01:11:18,BTC15m,DOWN,0.0350,96.5%,222,0.65,unknown,UP,NO,-5.00
01:11:18,Feb 08 01:11:18,ETH15m,DOWN,0.0300,97.0%,222,0.61,unknown,UP,NO,-5.00
01:11:18,Feb 08 01:11:18,SOL15m,DOWN,0.0250,97.5%,222,0.63,unknown,UNKNOWN,UNKNOWN,UNKNOWN
01:11:19,Feb 08 01:11:19,BTC15m,DOWN,0.0250,97.5%,221,0.64,unknown,UP,NO,-5.00
01:11:19,Feb 08 01:11:19,ETH15m,DOWN,0.0300,97.0%,221,0.62,unknown,UP,NO,-5.00
01:11:19,Feb 08 01:11:19,SOL15m,DOWN,0.0250,97.5%,221,0.63,unknown,UNKNOWN,UNKNOWN,UNKNOWN
01:11:20,Feb 08 01:11:20,BTC15m,DOWN,0.0250,97.5%,220,0.62,unknown,UP,NO,-5.00
01:11:20,Feb 08 01:11:20,ETH15m,DOWN,0.0300,97.0%,220,0.61,unknown,UP,NO,-5.00
01:11:20,Feb 08 01:11:20,SOL15m,DOWN,0.0250,97.5%,220,0.63,unknown,UNKNOWN,UNKNOWN,UNKNOWN
01:11:21,Feb 08 01:11:21,BTC15m,DOWN,0.0350,96.5%,219,0.64,unknown,UP,NO,-5.00
01:11:21,Feb 08 01:11:21,ETH15m,DOWN,0.0250,97.5%,219,0.64,unknown,UP,NO,-5.00
01:11:21,Feb 08 01:11:21,SOL15m,DOWN,0.0250,97.5%,219,0.63,unknown,UNKNOWN,UNKNOWN,UNKNOWN
01:11:22,Feb 08 01:11:22,BTC15m,DOWN,0.0350,96.5%,218,0.66,unknown,UP,NO,-5.00
01:11:22,Feb 08 01:11:22,ETH15m,DOWN,0.0250,97.5%,218,0.64,unknown,UP,NO,-5.00
01:11:22,Feb 08 01:11:22,SOL15m,DOWN,0.0250,97.5%,218,0.63,unknown,UNKNOWN,UNKNOWN,UNKNOWN
01:11:23,Feb 08 01:11:23,BTC15m,DOWN,0.0350,96.5%,217,0.66,unknown,UP,NO,-5.00
01:11:23,Feb 08 01:11:23,ETH15m,DOWN,0.0250,97.5%,217,0.64,unknown,UP,NO,-5.00
01:11:23,Feb 08 01:11:23,SOL15m,DOWN,0.0250,97.5%,217,0.63,unknown,UNKNOWN,UNKNOWN,UNKNOWN
01:11:24,Feb 08 01:11:24,BTC15m,DOWN,0.0250,97.5%,216,0.63,unknown,UP,NO,-5.00
01:11:24,Feb 08 01:11:24,ETH15m,DOWN,0.0250,97.5%,216,0.64,unknown,UP,NO,-5.00
01:11:24,Feb 08 01:11:24,SOL15m,DOWN,0.0250,97.5%,216,0.62,unknown,UNKNOWN,UNKNOWN,UNKNOWN
01:11:25,Feb 08 01:11:25,BTC15m,DOWN,0.0250,97.5%,215,0.63,unknown,UP,NO,-5.00
01:11:25,Feb 08 01:11:25,ETH15m,DOWN,0.0250,97.5%,215,0.64,unknown,UP,NO,-5.00
01:11:25,Feb 08 01:11:25,SOL15m,DOWN,0.0250,97.5%,215,0.66,unknown,UNKNOWN,UNKNOWN,UNKNOWN
01:11:26,Feb 08 01:11:26,BTC15m,DOWN,0.0250,97.5%,214,0.63,unknown,UP,NO,-5.00
01:11:26,Feb 08 01:11:26,ETH15m,DOWN,0.0250,97.5%,214,0.64,unknown,UP,NO,-5.00
01:11:26,Feb 08 01:11:26,SOL15m,DOWN,0.0250,97.5%,214,0.65,unknown,UNKNOWN,UNKNOWN,UNKNOWN
01:11:27,Feb 08 01:11:27,BTC15m,DOWN,0.0250,97.5%,213,0.65,unknown,UP,NO,-5.00
01:11:27,Feb 08 01:11:27,ETH15m,DOWN,0.0250,97.5%,213,0.64,unknown,UP,NO,-5.00
01:11:27,Feb 08 01:11:27,SOL15m,DOWN,0.0250,97.5%,213,0.65,unknown,UNKNOWN,UNKNOWN,UNKNOWN
01:11:28,Feb 08 01:11:28,BTC15m,DOWN,0.0250,97.5%,213,0.64,unknown,UP,NO,-5.00
01:11:28,Feb 08 01:11:28,ETH15m,DOWN,0.0250,97.5%,213,0.64,unknown,UP,NO,-5.00
01:11:28,Feb 08 01:11:28,SOL15m,DOWN,0.0250,97.5%,213,0.65,unknown,UNKNOWN,UNKNOWN,UNKNOWN
01:11:29,Feb 08 01:11:29,BTC15m,DOWN,0.0250,97.5%,211,0.64,unknown,UP,NO,-5.00
01:11:29,Feb 08 01:11:29,ETH15m,DOWN,0.0250,97.5%,211,0.64,unknown,UP,NO,-5.00
01:11:29,Feb 08 01:11:29,SOL15m,DOWN,0.0250,97.5%,211,0.66,unknown,UNKNOWN,UNKNOWN,UNKNOWN
01:11:30,Feb 08 01:11:30,BTC15m,DOWN,0.0250,97.5%,210,0.64,unknown,UP,NO,-5.00
01:11:30,Feb 08 01:11:30,ETH15m,DOWN,0.0250,97.5%,210,0.64,unknown,UP,NO,-5.00
01:11:30,Feb 08 01:11:30,SOL15m,DOWN,0.0250,97.5%,210,0.65,unknown,UNKNOWN,UNKNOWN,UNKNOWN
01:11:31,Feb 08 01:11:31,BTC15m,DOWN,0.0250,97.5%,209,0.69,unknown,UP,NO,-5.00
01:11:31,Feb 08 01:11:31,ETH15m,DOWN,0.0250,97.5%,209,0.66,unknown,UP,NO,-5.00
01:11:31,Feb 08 01:11:31,SOL15m,DOWN,0.0250,97.5%,209,0.66,unknown,UNKNOWN,UNKNOWN,UNKNOWN
01:11:32,Feb 08 01:11:32,BTC15m,DOWN,0.0250,97.5%,209,0.67,unknown,UP,NO,-5.00
01:11:32,Feb 08 01:11:32,ETH15m,DOWN,0.0250,97.5%,208,0.66,unknown,UP,NO,-5.00
01:11:32,Feb 08 01:11:32,SOL15m,DOWN,0.0250,97.5%,208,0.68,unknown,UNKNOWN,UNKNOWN,UNKNOWN
01:11:33,Feb 08 01:11:33,BTC15m,DOWN,0.0250,97.5%,207,0.67,unknown,UP,NO,-5.00
01:11:33,Feb 08 01:11:33,ETH15m,DOWN,0.0250,97.5%,207,0.65,unknown,UP,NO,-5.00
01:11:33,Feb 08 01:11:33,SOL15m,DOWN,0.0250,97.5%,207,0.67,unknown,UNKNOWN,UNKNOWN,UNKNOWN
01:11:34,Feb 08 01:11:34,BTC15m,DOWN,0.0250,97.5%,207,0.67,unknown,UP,NO,-5.00
01:11:34,Feb 08 01:11:34,ETH15m,DOWN,0.0250,97.5%,207,0.65,unknown,UP,NO,-5.00
01:11:34,Feb 08 01:11:34,SOL15m,DOWN,0.0250,97.5%,207,0.67,unknown,UNKNOWN,UNKNOWN,UNKNOWN
01:11:35,Feb 08 01:11:35,BTC15m,DOWN,0.0250,97.5%,205,0.66,unknown,UP,NO,-5.00
01:11:35,Feb 08 01:11:35,ETH15m,DOWN,0.0250,97.5%,205,0.65,unknown,UP,NO,-5.00
01:11:35,Feb 08 01:11:35,SOL15m,DOWN,0.0250,97.5%,205,0.67,unknown,UNKNOWN,UNKNOWN,UNKNOWN
01:11:36,Feb 08 01:11:36,BTC15m,DOWN,0.0250,97.5%,204,0.66,unknown,UP,NO,-5.00
01:11:36,Feb 08 01:11:36,ETH15m,DOWN,0.0250,97.5%,204,0.65,unknown,UP,NO,-5.00
01:11:36,Feb 08 01:11:36,SOL15m,DOWN,0.0250,97.5%,204,0.67,unknown,UNKNOWN,UNKNOWN,UNKNOWN
01:11:37,Feb 08 01:11:37,BTC15m,DOWN,0.0250,97.5%,203,0.66,unknown,UP,NO,-5.00
01:11:37,Feb 08 01:11:37,ETH15m,DOWN,0.0250,97.5%,203,0.65,unknown,UP,NO,-5.00
01:11:37,Feb 08 01:11:37,SOL15m,DOWN,0.0250,97.5%,203,0.68,unknown,UNKNOWN,UNKNOWN,UNKNOWN
01:11:38,Feb 08 01:11:38,BTC15m,DOWN,0.0250,97.5%,202,0.66,unknown,UP,NO,-5.00
01:11:38,Feb 08 01:11:38,ETH15m,DOWN,0.0250,97.5%,202,0.66,unknown,UP,NO,-5.00
01:11:38,Feb 08 01:11:38,SOL15m,DOWN,0.0250,97.5%,202,0.67,unknown,UNKNOWN,UNKNOWN,UNKNOWN
01:11:39,Feb 08 01:11:39,BTC15m,DOWN,0.0250,97.5%,201,0.67,unknown,UP,NO,-5.00
01:11:39,Feb 08 01:11:39,ETH15m,DOWN,0.0350,96.5%,201,0.69,unknown,UP,NO,-5.00
01:11:39,Feb 08 01:11:39,SOL15m,DOWN,0.0300,97.0%,201,0.71,unknown,UNKNOWN,UNKNOWN,UNKNOWN
01:11:40,Feb 08 01:11:40,BTC15m,DOWN,0.0250,97.5%,200,0.67,unknown,UP,NO,-5.00
01:11:40,Feb 08 01:11:40,ETH15m,DOWN,0.0350,96.5%,200,0.69,unknown,UP,NO,-5.00
01:11:40,Feb 08 01:11:40,SOL15m,DOWN,0.0250,97.5%,200,0.66,unknown,UNKNOWN,UNKNOWN,UNKNOWN
01:11:41,Feb 08 01:11:41,BTC15m,DOWN,0.0250,97.5%,199,0.67,unknown,UP,NO,-5.00
01:11:41,Feb 08 01:11:41,ETH15m,DOWN,0.0350,96.5%,199,0.70,unknown,UP,NO,-5.00
01:11:41,Feb 08 01:11:41,SOL15m,DOWN,0.0250,97.5%,199,0.63,unknown,UNKNOWN,UNKNOWN,UNKNOWN
01:11:42,Feb 08 01:11:42,BTC15m,DOWN,0.0250,97.5%,198,0.68,unknown,UP,NO,-5.00
01:11:42,Feb 08 01:11:42,ETH15m,DOWN,0.0350,96.5%,198,0.69,unknown,UP,NO,-5.00
01:11:42,Feb 08 01:11:42,SOL15m,DOWN,0.0250,97.5%,198,0.67,unknown,UNKNOWN,UNKNOWN,UNKNOWN
01:11:43,Feb 08 01:11:43,BTC15m,DOWN,0.0250,97.5%,197,0.67,unknown,UP,NO,-5.00
01:11:43,Feb 08 01:11:43,ETH15m,DOWN,0.0250,97.5%,197,0.66,unknown,UP,NO,-5.00
01:11:43,Feb 08 01:11:43,SOL15m,DOWN,0.0250,97.5%,197,0.65,unknown,UNKNOWN,UNKNOWN,UNKNOWN
01:11:44,Feb 08 01:11:44,BTC15m,DOWN,0.0250,97.5%,196,0.68,unknown,UP,NO,-5.00
01:11:44,Feb 08 01:11:44,ETH15m,DOWN,0.0250,97.5%,196,0.66,unknown,UP,NO,-5.00
01:11:44,Feb 08 01:11:44,SOL15m,DOWN,0.0250,97.5%,196,0.65,unknown,UNKNOWN,UNKNOWN,UNKNOWN
01:11:45,Feb 08 01:11:45,BTC15m,DOWN,0.0250,97.5%,195,0.68,unknown,UP,NO,-5.00
01:11:45,Feb 08 01:11:45,ETH15m,DOWN,0.0250,97.5%,195,0.66,unknown,UP,NO,-5.00
01:11:45,Feb 08 01:11:45,SOL15m,DOWN,0.0250,97.5%,195,0.65,unknown,UNKNOWN,UNKNOWN,UNKNOWN
01:11:46,Feb 08 01:11:46,BTC15m,DOWN,0.0250,97.5%,194,0.68,unknown,UP,NO,-5.00
01:11:46,Feb 08 01:11:46,ETH15m,DOWN,0.0250,97.5%,194,0.67,unknown,UP,NO,-5.00
01:11:46,Feb 08 01:11:46,SOL15m,DOWN,0.0250,97.5%,194,0.64,unknown,UNKNOWN,UNKNOWN,UNKNOWN
01:11:47,Feb 08 01:11:47,BTC15m,DOWN,0.0250,97.5%,193,0.70,unknown,UP,NO,-5.00
01:11:47,Feb 08 01:11:47,ETH15m,DOWN,0.0250,97.5%,193,0.67,unknown,UP,NO,-5.00
01:11:47,Feb 08 01:11:47,SOL15m,DOWN,0.0250,97.5%,193,0.63,unknown,UNKNOWN,UNKNOWN,UNKNOWN
01:11:48,Feb 08 01:11:48,BTC15m,DOWN,0.0250,97.5%,192,0.68,unknown,UP,NO,-5.00
01:11:48,Feb 08 01:11:48,ETH15m,DOWN,0.0250,97.5%,192,0.67,unknown,UP,NO,-5.00
01:11:48,Feb 08 01:11:48,SOL15m,DOWN,0.0250,97.5%,192,0.64,unknown,UNKNOWN,UNKNOWN,UNKNOWN
01:11:49,Feb 08 01:11:49,BTC15m,DOWN,0.0250,97.5%,191,0.69,unknown,UP,NO,-5.00
01:11:49,Feb 08 01:11:49,ETH15m,DOWN,0.0250,97.5%,191,0.66,unknown,UP,NO,-5.00
01:11:49,Feb 08 01:11:49,SOL15m,DOWN,0.0250,97.5%,191,0.63,unknown,UNKNOWN,UNKNOWN,UNKNOWN
01:11:50,Feb 08 01:11:50,BTC15m,DOWN,0.0250,97.5%,190,0.70,unknown,UP,NO,-5.00
01:11:50,Feb 08 01:11:50,ETH15m,DOWN,0.0250,97.5%,190,0.66,unknown,UP,NO,-5.00
01:11:50,Feb 08 01:11:50,SOL15m,DOWN,0.0250,97.5%,190,0.63,unknown,UNKNOWN,UNKNOWN,UNKNOWN
01:11:51,Feb 08 01:11:51,BTC15m,DOWN,0.0250,97.5%,189,0.69,unknown,UP,NO,-5.00
01:11:51,Feb 08 01:11:51,ETH15m,DOWN,0.0250,97.5%,189,0.66,unknown,UP,NO,-5.00
01:11:51,Feb 08 01:11:51,SOL15m,DOWN,0.0250,97.5%,189,0.63,unknown,UNKNOWN,UNKNOWN,UNKNOWN
01:11:52,Feb 08 01:11:52,BTC15m,DOWN,0.0250,97.5%,189,0.69,unknown,UP,NO,-5.00
01:11:52,Feb 08 01:11:52,ETH15m,DOWN,0.0250,97.5%,189,0.66,unknown,UP,NO,-5.00
01:11:52,Feb 08 01:11:52,SOL15m,DOWN,0.0250,97.5%,189,0.63,unknown,UNKNOWN,UNKNOWN,UNKNOWN
01:11:53,Feb 08 01:11:53,BTC15m,DOWN,0.0250,97.5%,187,0.69,unknown,UP,NO,-5.00
01:11:53,Feb 08 01:11:53,ETH15m,DOWN,0.0350,96.5%,187,0.69,unknown,UP,NO,-5.00
01:11:53,Feb 08 01:11:53,SOL15m,DOWN,0.0250,97.5%,187,0.63,unknown,UNKNOWN,UNKNOWN,UNKNOWN
01:11:54,Feb 08 01:11:54,BTC15m,DOWN,0.0250,97.5%,186,0.69,unknown,UP,NO,-5.00
01:11:54,Feb 08 01:11:54,ETH15m,DOWN,0.0350,96.5%,186,0.70,unknown,UP,NO,-5.00
01:11:54,Feb 08 01:11:54,SOL15m,DOWN,0.0250,97.5%,186,0.64,unknown,UNKNOWN,UNKNOWN,UNKNOWN
01:11:55,Feb 08 01:11:55,BTC15m,DOWN,0.0250,97.5%,185,0.69,unknown,UP,NO,-5.00
01:11:55,Feb 08 01:11:55,ETH15m,DOWN,0.0350,96.5%,185,0.70,unknown,UP,NO,-5.00
01:11:55,Feb 08 01:11:55,SOL15m,DOWN,0.0250,97.5%,185,0.63,unknown,UNKNOWN,UNKNOWN,UNKNOWN
01:11:56,Feb 08 01:11:56,BTC15m,DOWN,0.0250,97.5%,184,0.69,unknown,UP,NO,-5.00
01:11:56,Feb 08 01:11:56,ETH15m,DOWN,0.0350,96.5%,184,0.70,unknown,UP,NO,-5.00
01:11:56,Feb 08 01:11:56,SOL15m,DOWN,0.0250,97.5%,184,0.63,unknown,UNKNOWN,UNKNOWN,UNKNOWN
01:11:57,Feb 08 01:11:57,BTC15m,DOWN,0.0250,97.5%,183,0.67,unknown,UP,NO,-5.00
01:11:57,Feb 08 01:11:57,ETH15m,DOWN,0.0350,96.5%,183,0.70,unknown,UP,NO,-5.00
01:11:58,Feb 08 01:11:58,BTC15m,DOWN,0.0250,97.5%,182,0.68,unknown,UP,NO,-5.00
01:11:58,Feb 08 01:11:58,ETH15m,DOWN,0.0350,96.5%,182,0.70,unknown,UP,NO,-5.00
01:11:59,Feb 08 01:11:59,BTC15m,DOWN,0.0250,97.5%,181,0.68,unknown,UP,NO,-5.00
01:11:59,Feb 08 01:11:59,ETH15m,DOWN,0.0350,96.5%,181,0.70,unknown,UP,NO,-5.00
01:12:00,Feb 08 01:12:00,BTC15m,DOWN,0.0250,97.5%,180,0.68,unknown,UP,NO,-5.00
01:12:00,Feb 08 01:12:00,ETH15m,DOWN,0.0350,96.5%,180,0.70,unknown,UP,NO,-5.00
01:12:01,Feb 08 01:12:01,BTC15m,DOWN,0.0250,97.5%,179,0.68,unknown,UP,NO,-5.00
01:12:01,Feb 08 01:12:01,ETH15m,DOWN,0.0250,97.5%,179,0.68,unknown,UP,NO,-5.00
01:12:02,Feb 08 01:12:02,BTC15m,DOWN,0.0250,97.5%,178,0.68,unknown,UP,NO,-5.00
01:12:02,Feb 08 01:12:02,ETH15m,DOWN,0.0250,97.5%,178,0.70,unknown,UP,NO,-5.00
01:12:03,Feb 08 01:12:03,BTC15m,DOWN,0.0250,97.5%,177,0.68,unknown,UP,NO,-5.00
01:12:03,Feb 08 01:12:03,ETH15m,DOWN,0.0250,97.5%,177,0.70,unknown,UP,NO,-5.00
01:12:04,Feb 08 01:12:04,BTC15m,DOWN,0.0250,97.5%,176,0.69,unknown,UP,NO,-5.00
01:12:04,Feb 08 01:12:04,ETH15m,DOWN,0.0250,97.5%,176,0.70,unknown,UP,NO,-5.00
01:12:05,Feb 08 01:12:05,BTC15m,DOWN,0.0250,97.5%,175,0.69,unknown,UP,NO,-5.00
01:12:05,Feb 08 01:12:05,ETH15m,DOWN,0.0250,97.5%,175,0.70,unknown,UP,NO,-5.00
01:12:06,Feb 08 01:12:06,BTC15m,DOWN,0.0250,97.5%,174,0.69,unknown,UP,NO,-5.00
01:12:07,Feb 08 01:12:07,BTC15m,DOWN,0.0250,97.5%,173,0.68,unknown,UP,NO,-5.00
01:12:07,Feb 08 01:12:07,ETH15m,DOWN,0.0250,97.5%,173,0.68,unknown,UP,NO,-5.00
01:12:08,Feb 08 01:12:08,ETH15m,DOWN,0.0250,97.5%,172,0.68,unknown,UP,NO,-5.00
01:12:09,Feb 08 01:12:09,ETH15m,DOWN,0.0250,97.5%,171,0.68,unknown,UP,NO,-5.00
01:12:10,Feb 08 01:12:10,ETH15m,DOWN,0.0350,96.5%,170,0.71,unknown,UP,NO,-5.00
01:12:11,Feb 08 01:12:11,ETH15m,DOWN,0.0350,96.5%,169,0.71,unknown,UP,NO,-5.00
01:12:12,Feb 08 01:12:12,ETH15m,DOWN,0.0350,96.5%,168,0.71,unknown,UP,NO,-5.00
01:12:13,Feb 08 01:12:13,ETH15m,DOWN,0.0350,96.5%,167,0.71,unknown,UP,NO,-5.00
01:12:14,Feb 08 01:12:14,ETH15m,DOWN,0.0350,96.5%,166,0.72,unknown,UP,NO,-5.00
01:12:15,Feb 08 01:12:15,ETH15m,DOWN,0.0350,96.5%,165,0.71,unknown,UP,NO,-5.00
01:12:16,Feb 08 01:12:16,BTC15m,DOWN,0.0250,97.5%,164,0.71,unknown,UP,NO,-5.00
01:12:16,Feb 08 01:12:16,ETH15m,DOWN,0.0350,96.5%,164,0.71,unknown,UP,NO,-5.00
01:12:17,Feb 08 01:12:17,BTC15m,DOWN,0.0250,97.5%,163,0.71,unknown,UP,NO,-5.00
01:12:17,Feb 08 01:12:17,ETH15m,DOWN,0.0350,96.5%,163,0.72,unknown,UP,NO,-5.00
01:12:18,Feb 08 01:12:18,BTC15m,DOWN,0.0250,97.5%,162,0.71,unknown,UP,NO,-5.00
01:12:18,Feb 08 01:12:18,ETH15m,DOWN,0.0350,96.5%,162,0.72,unknown,UP,NO,-5.00
01:12:19,Feb 08 01:12:19,ETH15m,DOWN,0.0350,96.5%,161,0.72,unknown,UP,NO,-5.00
01:12:20,Feb 08 01:12:20,ETH15m,DOWN,0.0250,97.5%,160,0.71,unknown,UP,NO,-5.00
01:12:21,Feb 08 01:12:21,ETH15m,DOWN,0.0250,97.5%,159,0.70,unknown,UP,NO,-5.00
01:12:22,Feb 08 01:12:22,ETH15m,DOWN,0.0250,97.5%,158,0.71,unknown,UP,NO,-5.00
01:12:48,Feb 08 01:12:48,ETH15m,DOWN,0.0250,97.5%,132,0.74,unknown,UP,NO,-5.00
01:12:49,Feb 08 01:12:49,ETH15m,DOWN,0.0250,97.5%,131,0.74,unknown,UP,NO,-5.00
01:12:50,Feb 08 01:12:50,ETH15m,DOWN,0.0250,97.5%,130,0.72,unknown,UP,NO,-5.00
01:12:51,Feb 08 01:12:51,ETH15m,DOWN,0.0250,97.5%,129,0.73,unknown,UP,NO,-5.00
01:12:52,Feb 08 01:12:52,ETH15m,DOWN,0.0250,97.5%,128,0.73,unknown,UP,NO,-5.00
01:12:53,Feb 08 01:12:53,ETH15m,DOWN,0.0250,97.5%,127,0.74,unknown,UP,NO,-5.00
01:12:54,Feb 08 01:12:54,ETH15m,DOWN,0.0250,97.5%,126,0.73,unknown,UP,NO,-5.00
01:12:55,Feb 08 01:12:55,ETH15m,DOWN,0.0250,97.5%,125,0.74,unknown,UP,NO,-5.00
01:26:01,Feb 08 01:26:01,ETH15m,UP,0.0210,2.1%,239,0.41,unknown,UP,YES,+233.10
01:26:02,Feb 08 01:26:02,ETH15m,UP,0.0210,2.1%,238,0.41,unknown,UP,YES,+233.10
01:26:03,Feb 08 01:26:03,ETH15m,UP,0.0210,2.1%,237,0.40,unknown,UP,YES,+233.10
01:26:04,Feb 08 01:26:04,ETH15m,UP,0.0210,2.1%,236,0.41,unknown,UP,YES,+233.10
01:26:05,Feb 08 01:26:05,ETH15m,UP,0.0210,2.1%,235,0.41,unknown,UP,YES,+233.10
01:26:06,Feb 08 01:26:06,ETH15m,UP,0.0210,2.1%,234,0.41,unknown,UP,YES,+233.10
01:26:07,Feb 08 01:26:07,ETH15m,UP,0.0210,2.1%,233,0.40,unknown,UP,YES,+233.10
01:26:08,Feb 08 01:26:08,ETH15m,UP,0.0210,2.1%,232,0.40,unknown,UP,YES,+233.10
01:26:09,Feb 08 01:26:09,ETH15m,UP,0.0210,2.1%,231,0.41,unknown,UP,YES,+233.10
01:26:10,Feb 08 01:26:10,ETH15m,UP,0.0210,2.1%,230,0.41,unknown,UP,YES,+233.10
01:26:11,Feb 08 01:26:11,ETH15m,UP,0.0210,2.1%,229,0.41,unknown,UP,YES,+233.10
01:26:12,Feb 08 01:26:12,ETH15m,UP,0.0210,2.1%,228,0.40,unknown,UP,YES,+233.10
01:26:13,Feb 08 01:26:13,ETH15m,UP,0.0210,2.1%,227,0.38,unknown,UP,YES,+233.10
01:26:14,Feb 08 01:26:14,ETH15m,UP,0.0210,2.1%,226,0.39,unknown,UP,YES,+233.10
01:26:15,Feb 08 01:26:15,ETH15m,UP,0.0210,2.1%,225,0.40,unknown,UP,YES,+233.10
01:41:01,Feb 08 01:41:01,BTC15m,DOWN,0.0250,97.5%,239,0.68,unknown,UP,NO,-5.00
01:41:01,Feb 08 01:41:01,SOL15m,DOWN,0.0500,95.0%,239,0.57,unknown,UNKNOWN,UNKNOWN,UNKNOWN
01:41:02,Feb 08 01:41:02,BTC15m,DOWN,0.0250,97.5%,238,0.68,unknown,UP,NO,-5.00
01:41:03,Feb 08 01:41:03,BTC15m,DOWN,0.0250,97.5%,237,0.74,unknown,UP,NO,-5.00
01:41:03,Feb 08 01:41:03,SOL15m,DOWN,0.0500,95.0%,237,0.58,unknown,UNKNOWN,UNKNOWN,UNKNOWN
01:41:04,Feb 08 01:41:04,BTC15m,DOWN,0.0250,97.5%,236,0.74,unknown,UP,NO,-5.00
01:41:04,Feb 08 01:41:04,SOL15m,DOWN,0.0450,95.5%,236,0.61,unknown,UNKNOWN,UNKNOWN,UNKNOWN
01:41:05,Feb 08 01:41:05,BTC15m,DOWN,0.0250,97.5%,235,0.74,unknown,UP,NO,-5.00
01:41:05,Feb 08 01:41:05,SOL15m,DOWN,0.0450,95.5%,235,0.61,unknown,UNKNOWN,UNKNOWN,UNKNOWN
01:41:06,Feb 08 01:41:06,BTC15m,DOWN,0.0250,97.5%,234,0.74,unknown,UP,NO,-5.00
01:41:06,Feb 08 01:41:06,SOL15m,DOWN,0.0500,95.0%,234,0.57,unknown,UNKNOWN,UNKNOWN,UNKNOWN
01:41:07,Feb 08 01:41:07,BTC15m,DOWN,0.0250,97.5%,233,0.74,unknown,UP,NO,-5.00
01:41:08,Feb 08 01:41:08,BTC15m,DOWN,0.0250,97.5%,232,0.74,unknown,UP,NO,-5.00
01:41:09,Feb 08 01:41:09,BTC15m,DOWN,0.0250,97.5%,231,0.74,unknown,UP,NO,-5.00
01:41:10,Feb 08 01:41:10,BTC15m,DOWN,0.0250,97.5%,230,0.74,unknown,UP,NO,-5.00
01:41:11,Feb 08 01:41:11,BTC15m,DOWN,0.0250,97.5%,229,0.74,unknown,UP,NO,-5.00
01:41:12,Feb 08 01:41:12,BTC15m,DOWN,0.0250,97.5%,228,0.75,unknown,UP,NO,-5.00
01:41:13,Feb 08 01:41:13,BTC15m,DOWN,0.0250,97.5%,227,0.75,unknown,UP,NO,-5.00
01:41:14,Feb 08 01:41:14,BTC15m,DOWN,0.0250,97.5%,226,0.75,unknown,UP,NO,-5.00
01:41:30,Feb 08 01:41:30,SOL15m,DOWN,0.0450,95.5%,210,0.60,unknown,UNKNOWN,UNKNOWN,UNKNOWN
01:41:31,Feb 08 01:41:31,SOL15m,DOWN,0.0450,95.5%,209,0.60,unknown,UNKNOWN,UNKNOWN,UNKNOWN
01:41:32,Feb 08 01:41:32,SOL15m,DOWN,0.0450,95.5%,208,0.63,unknown,UNKNOWN,UNKNOWN,UNKNOWN
01:41:33,Feb 08 01:41:33,SOL15m,DOWN,0.0500,95.0%,206,0.57,unknown,UNKNOWN,UNKNOWN,UNKNOWN
01:41:34,Feb 08 01:41:34,SOL15m,DOWN,0.0500,95.0%,206,0.58,unknown,UNKNOWN,UNKNOWN,UNKNOWN
01:41:36,Feb 08 01:41:36,SOL15m,DOWN,0.0500,95.0%,203,0.57,unknown,UNKNOWN,UNKNOWN,UNKNOWN
01:41:37,Feb 08 01:41:37,SOL15m,DOWN,0.0500,95.0%,203,0.57,unknown,UNKNOWN,UNKNOWN,UNKNOWN
01:41:42,Feb 08 01:41:42,SOL15m,DOWN,0.0500,95.0%,198,0.57,unknown,UNKNOWN,UNKNOWN,UNKNOWN
01:41:43,Feb 08 01:41:43,SOL15m,DOWN,0.0500,95.0%,197,0.57,unknown,UNKNOWN,UNKNOWN,UNKNOWN
01:41:44,Feb 08 01:41:44,SOL15m,DOWN,0.0500,95.0%,196,0.57,unknown,UNKNOWN,UNKNOWN,UNKNOWN
01:41:45,Feb 08 01:41:45,SOL15m,DOWN,0.0400,96.0%,195,0.59,unknown,UNKNOWN,UNKNOWN,UNKNOWN
01:41:46,Feb 08 01:41:46,SOL15m,DOWN,0.0450,95.5%,194,0.62,unknown,UNKNOWN,UNKNOWN,UNKNOWN
01:41:47,Feb 08 01:41:47,SOL15m,DOWN,0.0450,95.5%,193,0.61,unknown,UNKNOWN,UNKNOWN,UNKNOWN
01:41:48,Feb 08 01:41:48,SOL15m,DOWN,0.0450,95.5%,192,0.62,unknown,UNKNOWN,UNKNOWN,UNKNOWN
01:41:49,Feb 08 01:41:49,SOL15m,DOWN,0.0450,95.5%,191,0.62,unknown,UNKNOWN,UNKNOWN,UNKNOWN
01:41:50,Feb 08 01:41:50,SOL15m,DOWN,0.0350,96.5%,189,0.62,unknown,UNKNOWN,UNKNOWN,UNKNOWN
01:41:51,Feb 08 01:41:51,SOL15m,DOWN,0.0350,96.5%,189,0.62,unknown,UNKNOWN,UNKNOWN,UNKNOWN
01:41:52,Feb 08 01:41:52,SOL15m,DOWN,0.0350,96.5%,188,0.62,unknown,UNKNOWN,UNKNOWN,UNKNOWN
01:41:53,Feb 08 01:41:53,SOL15m,DOWN,0.0350,96.5%,186,0.63,unknown,UNKNOWN,UNKNOWN,UNKNOWN
01:41:54,Feb 08 01:41:54,SOL15m,DOWN,0.0350,96.5%,186,0.63,unknown,UNKNOWN,UNKNOWN,UNKNOWN
01:41:55,Feb 08 01:41:55,SOL15m,DOWN,0.0350,96.5%,185,0.63,unknown,UNKNOWN,UNKNOWN,UNKNOWN
01:41:56,Feb 08 01:41:56,SOL15m,DOWN,0.0350,96.5%,183,0.62,unknown,UNKNOWN,UNKNOWN,UNKNOWN
01:41:57,Feb 08 01:41:57,SOL15m,DOWN,0.0350,96.5%,183,0.63,unknown,UNKNOWN,UNKNOWN,UNKNOWN
01:41:58,Feb 08 01:41:58,SOL15m,DOWN,0.0350,96.5%,182,0.62,unknown,UNKNOWN,UNKNOWN,UNKNOWN
01:41:59,Feb 08 01:41:59,SOL15m,DOWN,0.0350,96.5%,180,0.63,unknown,UNKNOWN,UNKNOWN,UNKNOWN
01:42:01,Feb 08 01:42:01,SOL15m,DOWN,0.0350,96.5%,179,0.63,unknown,UNKNOWN,UNKNOWN,UNKNOWN
01:42:02,Feb 08 01:42:02,SOL15m,DOWN,0.0350,96.5%,179,0.63,unknown,UNKNOWN,UNKNOWN,UNKNOWN
01:42:03,Feb 08 01:42:03,SOL15m,DOWN,0.0350,96.5%,177,0.64,unknown,UNKNOWN,UNKNOWN,UNKNOWN
01:42:04,Feb 08 01:42:04,SOL15m,DOWN,0.0250,97.5%,176,0.61,unknown,UNKNOWN,UNKNOWN,UNKNOWN
01:42:05,Feb 08 01:42:05,SOL15m,DOWN,0.0250,97.5%,175,0.61,unknown,UNKNOWN,UNKNOWN,UNKNOWN
01:42:06,Feb 08 01:42:06,SOL15m,DOWN,0.0250,97.5%,175,0.61,unknown,UNKNOWN,UNKNOWN,UNKNOWN
01:42:07,Feb 08 01:42:07,SOL15m,DOWN,0.0250,97.5%,173,0.62,unknown,UNKNOWN,UNKNOWN,UNKNOWN
01:42:08,Feb 08 01:42:08,SOL15m,DOWN,0.0250,97.5%,173,0.62,unknown,UNKNOWN,UNKNOWN,UNKNOWN
01:42:09,Feb 08 01:42:09,SOL15m,DOWN,0.0250,97.5%,171,0.62,unknown,UNKNOWN,UNKNOWN,UNKNOWN
01:42:10,Feb 08 01:42:10,SOL15m,DOWN,0.0250,97.5%,170,0.62,unknown,UNKNOWN,UNKNOWN,UNKNOWN
01:42:11,Feb 08 01:42:11,SOL15m,DOWN,0.0250,97.5%,169,0.63,unknown,UNKNOWN,UNKNOWN,UNKNOWN
01:42:12,Feb 08 01:42:12,SOL15m,DOWN,0.0250,97.5%,168,0.62,unknown,UNKNOWN,UNKNOWN,UNKNOWN
01:42:13,Feb 08 01:42:13,SOL15m,DOWN,0.0250,97.5%,167,0.63,unknown,UNKNOWN,UNKNOWN,UNKNOWN
01:42:14,Feb 08 01:42:14,SOL15m,DOWN,0.0250,97.5%,166,0.63,unknown,UNKNOWN,UNKNOWN,UNKNOWN
01:42:15,Feb 08 01:42:15,SOL15m,DOWN,0.0250,97.5%,166,0.63,unknown,UNKNOWN,UNKNOWN,UNKNOWN
01:42:16,Feb 08 01:42:16,SOL15m,DOWN,0.0250,97.5%,164,0.63,unknown,UNKNOWN,UNKNOWN,UNKNOWN
01:42:17,Feb 08 01:42:17,SOL15m,DOWN,0.0250,97.5%,163,0.64,unknown,UNKNOWN,UNKNOWN,UNKNOWN
01:42:18,Feb 08 01:42:18,SOL15m,DOWN,0.0250,97.5%,162,0.65,unknown,UNKNOWN,UNKNOWN,UNKNOWN
01:42:19,Feb 08 01:42:19,SOL15m,DOWN,0.0250,97.5%,161,0.64,unknown,UNKNOWN,UNKNOWN,UNKNOWN
01:42:20,Feb 08 01:42:20,SOL15m,DOWN,0.0250,97.5%,160,0.65,unknown,UNKNOWN,UNKNOWN,UNKNOWN
01:42:21,Feb 08 01:42:21,SOL15m,DOWN,0.0250,97.5%,159,0.64,unknown,UNKNOWN,UNKNOWN,UNKNOWN
01:42:22,Feb 08 01:42:22,SOL15m,DOWN,0.0250,97.5%,158,0.64,unknown,UNKNOWN,UNKNOWN,UNKNOWN
01:42:23,Feb 08 01:42:23,SOL15m,DOWN,0.0250,97.5%,157,0.65,unknown,UNKNOWN,UNKNOWN,UNKNOWN
01:42:24,Feb 08 01:42:24,SOL15m,DOWN,0.0250,97.5%,156,0.65,unknown,UNKNOWN,UNKNOWN,UNKNOWN
01:42:25,Feb 08 01:42:25,SOL15m,DOWN,0.0250,97.5%,156,0.65,unknown,UNKNOWN,UNKNOWN,UNKNOWN
01:42:26,Feb 08 01:42:26,SOL15m,DOWN,0.0250,97.5%,154,0.65,unknown,UNKNOWN,UNKNOWN,UNKNOWN
01:42:27,Feb 08 01:42:27,SOL15m,DOWN,0.0250,97.5%,153,0.65,unknown,UNKNOWN,UNKNOWN,UNKNOWN
01:42:28,Feb 08 01:42:28,SOL15m,DOWN,0.0250,97.5%,153,0.65,unknown,UNKNOWN,UNKNOWN,UNKNOWN
01:42:29,Feb 08 01:42:29,SOL15m,DOWN,0.0250,97.5%,151,0.65,unknown,UNKNOWN,UNKNOWN,UNKNOWN
01:42:30,Feb 08 01:42:30,SOL15m,DOWN,0.0250,97.5%,150,0.65,unknown,UNKNOWN,UNKNOWN,UNKNOWN
01:42:31,Feb 08 01:42:31,SOL15m,DOWN,0.0250,97.5%,149,0.62,unknown,UNKNOWN,UNKNOWN,UNKNOWN
01:42:32,Feb 08 01:42:32,SOL15m,DOWN,0.0200,98.0%,148,0.58,unknown,UNKNOWN,UNKNOWN,UNKNOWN
01:42:33,Feb 08 01:42:33,SOL15m,DOWN,0.0200,98.0%,147,0.58,unknown,UNKNOWN,UNKNOWN,UNKNOWN
01:42:34,Feb 08 01:42:34,SOL15m,DOWN,0.0200,98.0%,146,0.59,unknown,UNKNOWN,UNKNOWN,UNKNOWN
01:42:35,Feb 08 01:42:35,SOL15m,DOWN,0.0200,98.0%,145,0.61,unknown,UNKNOWN,UNKNOWN,UNKNOWN
01:42:36,Feb 08 01:42:36,SOL15m,DOWN,0.0200,98.0%,145,0.60,unknown,UNKNOWN,UNKNOWN,UNKNOWN
01:43:15,Feb 08 01:43:15,SOL15m,DOWN,0.0250,97.5%,106,0.67,unknown,UNKNOWN,UNKNOWN,UNKNOWN
01:43:16,Feb 08 01:43:16,SOL15m,DOWN,0.0250,97.5%,105,0.68,unknown,UNKNOWN,UNKNOWN,UNKNOWN
01:43:17,Feb 08 01:43:17,SOL15m,DOWN,0.0250,97.5%,104,0.68,unknown,UNKNOWN,UNKNOWN,UNKNOWN
01:43:18,Feb 08 01:43:18,SOL15m,DOWN,0.0250,97.5%,103,0.68,unknown,UNKNOWN,UNKNOWN,UNKNOWN
01:43:19,Feb 08 01:43:19,SOL15m,DOWN,0.0250,97.5%,102,0.68,unknown,UNKNOWN,UNKNOWN,UNKNOWN
01:43:20,Feb 08 01:43:20,SOL15m,DOWN,0.0250,97.5%,101,0.68,unknown,UNKNOWN,UNKNOWN,UNKNOWN
01:43:21,Feb 08 01:43:21,SOL15m,DOWN,0.0250,97.5%,100,0.68,unknown,UNKNOWN,UNKNOWN,UNKNOWN
01:43:22,Feb 08 01:43:22,SOL15m,DOWN,0.0250,97.5%,99,0.68,unknown,UNKNOWN,UNKNOWN,UNKNOWN
01:43:23,Feb 08 01:43:23,SOL15m,DOWN,0.0250,97.5%,98,0.68,unknown,UNKNOWN,UNKNOWN,UNKNOWN
01:43:24,Feb 08 01:43:24,SOL15m,DOWN,0.0450,95.5%,97,0.71,unknown,UNKNOWN,UNKNOWN,UNKNOWN
01:43:25,Feb 08 01:43:25,SOL15m,DOWN,0.0450,95.5%,96,0.72,unknown,UNKNOWN,UNKNOWN,UNKNOWN
01:43:26,Feb 08 01:43:26,SOL15m,DOWN,0.0400,96.0%,95,0.68,unknown,UNKNOWN,UNKNOWN,UNKNOWN
01:43:27,Feb 08 01:43:27,SOL15m,DOWN,0.0400,96.0%,94,0.66,unknown,UNKNOWN,UNKNOWN,UNKNOWN
01:43:28,Feb 08 01:43:28,SOL15m,DOWN,0.0450,95.5%,93,0.71,unknown,UNKNOWN,UNKNOWN,UNKNOWN
01:43:33,Feb 08 01:43:33,SOL15m,DOWN,0.0400,96.0%,88,0.67,unknown,UNKNOWN,UNKNOWN,UNKNOWN
01:43:34,Feb 08 01:43:34,SOL15m,DOWN,0.0350,96.5%,87,0.67,unknown,UNKNOWN,UNKNOWN,UNKNOWN
01:43:35,Feb 08 01:43:35,SOL15m,DOWN,0.0250,97.5%,86,0.71,unknown,UNKNOWN,UNKNOWN,UNKNOWN
01:43:36,Feb 08 01:43:36,SOL15m,DOWN,0.0250,97.5%,85,0.71,unknown,UNKNOWN,UNKNOWN,UNKNOWN
01:43:37,Feb 08 01:43:37,SOL15m,DOWN,0.0250,97.5%,84,0.72,unknown,UNKNOWN,UNKNOWN,UNKNOWN
01:43:38,Feb 08 01:43:38,SOL15m,DOWN,0.0250,97.5%,83,0.72,unknown,UNKNOWN,UNKNOWN,UNKNOWN
01:43:39,Feb 08 01:43:39,SOL15m,DOWN,0.0250,97.5%,82,0.72,unknown,UNKNOWN,UNKNOWN,UNKNOWN
01:43:40,Feb 08 01:43:40,SOL15m,DOWN,0.0250,97.5%,80,0.68,unknown,UNKNOWN,UNKNOWN,UNKNOWN
01:43:41,Feb 08 01:43:41,SOL15m,DOWN,0.0250,97.5%,79,0.68,unknown,UNKNOWN,UNKNOWN,UNKNOWN
01:43:42,Feb 08 01:43:42,SOL15m,DOWN,0.0250,97.5%,79,0.68,unknown,UNKNOWN,UNKNOWN,UNKNOWN
01:43:43,Feb 08 01:43:43,SOL15m,DOWN,0.0300,97.0%,77,0.64,unknown,UNKNOWN,UNKNOWN,UNKNOWN
01:43:44,Feb 08 01:43:44,SOL15m,DOWN,0.0300,97.0%,76,0.62,unknown,UNKNOWN,UNKNOWN,UNKNOWN
01:43:45,Feb 08 01:43:45,SOL15m,DOWN,0.0300,97.0%,76,0.62,unknown,UNKNOWN,UNKNOWN,UNKNOWN
01:43:46,Feb 08 01:43:46,SOL15m,DOWN,0.0350,96.5%,75,0.69,unknown,UNKNOWN,UNKNOWN,UNKNOWN
01:43:49,Feb 08 01:43:49,SOL15m,DOWN,0.0400,96.0%,72,0.68,unknown,UNKNOWN,UNKNOWN,UNKNOWN
01:43:50,Feb 08 01:43:50,SOL15m,DOWN,0.0350,96.5%,70,0.68,unknown,UNKNOWN,UNKNOWN,UNKNOWN
01:43:51,Feb 08 01:43:51,SOL15m,DOWN,0.0350,96.5%,70,0.69,unknown,UNKNOWN,UNKNOWN,UNKNOWN
01:43:52,Feb 08 01:43:52,SOL15m,DOWN,0.0250,97.5%,68,0.69,unknown,UNKNOWN,UNKNOWN,UNKNOWN
01:43:53,Feb 08 01:43:53,SOL15m,DOWN,0.0250,97.5%,67,0.70,unknown,UNKNOWN,UNKNOWN,UNKNOWN
01:43:54,Feb 08 01:43:54,SOL15m,DOWN,0.0250,97.5%,66,0.67,unknown,UNKNOWN,UNKNOWN,UNKNOWN
01:56:01,Feb 08 01:56:01,ETH15m,DOWN,0.0350,96.5%,239,0.59,unknown,UP,NO,-5.00
01:56:01,Feb 08 01:56:01,ETH15m,DOWN,0.0400,96.0%,239,0.59,high,UP,NO,-5.00
01:59:28,Feb 08 01:59:28,BTC15m,DOWN,0.0450,95.5%,33,0.55,unknown,UP,NO,-5.00
01:59:28,Feb 08 01:59:28,BTC15m,DOWN,0.0500,96.0%,33,0.55,high,UP,NO,-5.00
